{
  "name": "saas-admin-template",
  "main": "./dist/index.js",
  "assets": {
    "directory": "./dist"
  },
  "compatibility_date": "2024-11-01",
  "compatibility_flags": ["nodejs_compat"],
  "observability": {
    "enabled": true
  },
  "upload_source_maps": true,
  "vars": {
    "EXAMPLE_VALUE": "example_value"
  },
  "d1_databases": [
    {
      "binding": "DB",
      "database_name": "admin-db",
      "database_id": "3009feae-2321-421c-97e8-181886710aa0"
    }
  ],
  "workflows": [
    {
      "name": "saas-admin-template-customer-workflow",
      "binding": "CUSTOMER_WORKFLOW",
      "class_name": "CustomerWorkflow"
    }
  ]
}
